{
  "Scene": {
    "objects": {
      "flatWind": {
        "position": [
          778.0,
          -164.0,
          483.0
        ],
        "rotation_deg": [
          -19.983104705810547,
          89.96573638916016,
          70.01689910888672
        ],
        "scale": [
          99.99913787841797,
          99.99689483642578,
          99.99915313720703
        ]
      },
      "terrain": {
        "position": [
          0.0,
          0.0,
          0.0
        ],
        "rotation_deg": [
          0.0,
          -0.0,
          0.0
        ],
        "scale": [
          1.0,
          1.0,
          1.0
        ]
      }
    }
  }
}