{
  "Scene": {
    "objects": {
      "flatWind": {
        "position": [
          5210.0,
          850.0,
          -10370.0
        ],
        "rotation_deg": [
          -160.0573272705078,
          -89.9720230102539,
          -109.94273376464844
        ],
        "scale": [
          400.9998779296875,
          401.0000305175781,
          400.9998779296875
        ]
      },
      "terrain": {
        "position": [
          0.0,
          0.0,
          0.0
        ],
        "rotation_deg": [
          0.0,
          -0.0,
          0.0
        ],
        "scale": [
          1.0,
          1.0,
          1.0
        ]
      }
    }
  }
}